Project,Focal_Class,Test_Class,Focal_Path,Test_Path,Module
42949039,StorageUnitDaoHelper,StorageUnitDaoHelperTest,repos/42949039/herd-code/herd-service/src/main/java/org/finra/herd/service/helper/StorageUnitDaoHelper.java,repos/42949039/herd-code/herd-service/src/test/java/org/finra/herd/service/helper/StorageUnitDaoHelperTest.java,herd-code/herd-service
42949039,BusinessObjectDataRetryStoragePolicyTransitionHelper,BusinessObjectDataRetryStoragePolicyTransitionHelperTest,repos/42949039/herd-code/herd-service/src/main/java/org/finra/herd/service/helper/BusinessObjectDataRetryStoragePolicyTransitionHelper.java,repos/42949039/herd-code/herd-service/src/test/java/org/finra/herd/service/helper/BusinessObjectDataRetryStoragePolicyTransitionHelperTest.java,herd-code/herd-service
4398263,BasicRequestFactory,BasicRequestFactoryTest,repos/4398263/bvconversations/src/main/java/com/bazaarvoice/bvandroidsdk/BasicRequestFactory.java,repos/4398263/bvconversations/src/test/java/com/bazaarvoice/bvandroidsdk/BasicRequestFactoryTest.java,bvconversations
42949039,HerdFileUtils,HerdFileUtilsTest,repos/42949039/herd-code/herd-core/src/main/java/org/finra/herd/core/HerdFileUtils.java,repos/42949039/herd-code/herd-core/src/test/java/org/finra/herd/core/HerdFileUtilsTest.java,herd-code/herd-core
42949039,JobRestController,JobRestControllerTest,repos/42949039/herd-code/herd-rest/src/main/java/org/finra/herd/rest/JobRestController.java,repos/42949039/herd-code/herd-rest/src/test/java/org/finra/herd/rest/JobRestControllerTest.java,herd-code/herd-rest
20555659,Types,TypesTest,repos/20555659/simple/src/main/java/org/apache/commons/rdf/simple/Types.java,repos/20555659/simple/src/test/java/org/apache/commons/rdf/simple/TypesTest.java,simple
4398263,BVSDK,BVSDKTest,repos/4398263/bvcommon/src/main/java/com/bazaarvoice/bvandroidsdk/BVSDK.java,repos/4398263/bvcommon/src/test/java/com/bazaarvoice/bvandroidsdk/BVSDKTest.java,bvcommon
39970786,TodoManagerImpl,TodoManagerImplTest,repos/39970786/serviceServer/src/main/java/com/mammatustech/todo/TodoManagerImpl.java,repos/39970786/serviceServer/src/test/java/com/mammatustech/todo/TodoManagerImplTest.java,serviceServer
4159017,TokenValueExpression,TokenValueExpressionTest,repos/4159017/sslr-core/src/main/java/org/sonar/sslr/internal/vm/lexerful/TokenValueExpression.java,repos/4159017/sslr-core/src/test/java/org/sonar/sslr/internal/vm/lexerful/TokenValueExpressionTest.java,sslr-core
4159017,ActionParser,ActionParserTest,repos/4159017/sslr-core/src/main/java/com/sonar/sslr/api/typed/ActionParser.java,repos/4159017/sslr-core/src/test/java/com/sonar/sslr/api/typed/ActionParserTest.java,sslr-core
42949039,GlobalAttributeDefinitionHelper,GlobalAttributeDefinitionHelperTest,repos/42949039/herd-code/herd-service/src/main/java/org/finra/herd/service/helper/GlobalAttributeDefinitionHelper.java,repos/42949039/herd-code/herd-service/src/test/java/org/finra/herd/service/helper/GlobalAttributeDefinitionHelperTest.java,herd-code/herd-service
42949039,BusinessObjectDataSearchHelper,BusinessObjectDataSearchHelperTest,repos/42949039/herd-code/herd-service/src/main/java/org/finra/herd/service/helper/BusinessObjectDataSearchHelper.java,repos/42949039/herd-code/herd-service/src/test/java/org/finra/herd/service/helper/BusinessObjectDataSearchHelperTest.java,herd-code/herd-service
4159017,TillNewLineExpression,TillNewLineExpressionTest,repos/4159017/sslr-core/src/main/java/org/sonar/sslr/internal/vm/lexerful/TillNewLineExpression.java,repos/4159017/sslr-core/src/test/java/org/sonar/sslr/internal/vm/lexerful/TillNewLineExpressionTest.java,sslr-core
42949039,SecurityRoleFunctionDaoHelper,SecurityRoleFunctionDaoHelperTest,repos/42949039/herd-code/herd-service/src/main/java/org/finra/herd/service/helper/SecurityRoleFunctionDaoHelper.java,repos/42949039/herd-code/herd-service/src/test/java/org/finra/herd/service/helper/SecurityRoleFunctionDaoHelperTest.java,herd-code/herd-service
42949039,BusinessObjectDataHelper,BusinessObjectDataHelperTest,repos/42949039/herd-code/herd-service/src/main/java/org/finra/herd/service/helper/BusinessObjectDataHelper.java,repos/42949039/herd-code/herd-service/src/test/java/org/finra/herd/service/helper/BusinessObjectDataHelperTest.java,herd-code/herd-service
42949039,AccessValidatorController,AccessValidatorControllerTest,repos/42949039/herd-code/herd-tools/herd-access-validator/src/main/java/org/finra/herd/tools/access/validator/AccessValidatorController.java,repos/42949039/herd-code/herd-tools/herd-access-validator/src/test/java/org/finra/herd/tools/access/validator/AccessValidatorControllerTest.java,herd-code/herd-tools/herd-access-validator
4398263,BVRemoteConfig,BVRemoteConfigTest,repos/4398263/bvnotifications/src/main/java/com/bazaarvoice/bvandroidsdk/BVRemoteConfig.java,repos/4398263/bvnotifications/src/test/java/com/bazaarvoice/bvandroidsdk/BVRemoteConfigTest.java,bvnotifications
35897457,Literal,LiteralTest,repos/35897457/nxparser-model/src/main/java/org/semanticweb/yars/nx/Literal.java,repos/35897457/nxparser-model/src/test/java/org/semanticweb/yars/nx/LiteralTest.java,nxparser-model
4159017,AdjacentExpression,AdjacentExpressionTest,repos/4159017/sslr-core/src/main/java/org/sonar/sslr/internal/vm/lexerful/AdjacentExpression.java,repos/4159017/sslr-core/src/test/java/org/sonar/sslr/internal/vm/lexerful/AdjacentExpressionTest.java,sslr-core
4159017,TokenExpression,TokenExpressionTest,repos/4159017/sslr-core/src/main/java/org/sonar/sslr/internal/vm/TokenExpression.java,repos/4159017/sslr-core/src/test/java/org/sonar/sslr/internal/vm/TokenExpressionTest.java,sslr-core
4159017,ConfigurationProperty,ConfigurationPropertyTest,repos/4159017/sslr-toolkit/src/main/java/org/sonar/sslr/toolkit/ConfigurationProperty.java,repos/4159017/sslr-toolkit/src/test/java/org/sonar/sslr/toolkit/ConfigurationPropertyTest.java,sslr-toolkit
42949039,StorageHelper,StorageHelperTest,repos/42949039/herd-code/herd-service/src/main/java/org/finra/herd/service/helper/StorageHelper.java,repos/42949039/herd-code/herd-service/src/test/java/org/finra/herd/service/helper/StorageHelperTest.java,herd-code/herd-service
4159017,AstNode,AstNodeTest,repos/4159017/sslr-core/src/main/java/com/sonar/sslr/api/AstNode.java,repos/4159017/sslr-core/src/test/java/com/sonar/sslr/api/AstNodeTest.java,sslr-core
4159017,Optional,OptionalTest,repos/4159017/sslr-core/src/main/java/com/sonar/sslr/api/typed/Optional.java,repos/4159017/sslr-core/src/test/java/com/sonar/sslr/api/typed/OptionalTest.java,sslr-core
42949039,NotificationRegistrationStatusDaoHelper,NotificationRegistrationStatusDaoHelperTest,repos/42949039/herd-code/herd-service/src/main/java/org/finra/herd/service/helper/NotificationRegistrationStatusDaoHelper.java,repos/42949039/herd-code/herd-service/src/test/java/org/finra/herd/service/helper/NotificationRegistrationStatusDaoHelperTest.java,herd-code/herd-service
42949039,BusinessObjectDataInvalidateUnregisteredHelper,BusinessObjectDataInvalidateUnregisteredHelperTest,repos/42949039/herd-code/herd-service/src/main/java/org/finra/herd/service/helper/BusinessObjectDataInvalidateUnregisteredHelper.java,repos/42949039/herd-code/herd-service/src/test/java/org/finra/herd/service/helper/BusinessObjectDataInvalidateUnregisteredHelperTest.java,herd-code/herd-service
4159017,AstNodeXPathQuery,AstNodeXPathQueryTest,repos/4159017/sslr-xpath/src/main/java/com/sonar/sslr/xpath/api/AstNodeXPathQuery.java,repos/4159017/sslr-xpath/src/test/java/com/sonar/sslr/xpath/api/AstNodeXPathQueryTest.java,sslr-xpath
42949039,BusinessObjectFormatExternalInterfaceDaoHelper,BusinessObjectFormatExternalInterfaceDaoHelperTest,repos/42949039/herd-code/herd-service/src/main/java/org/finra/herd/service/helper/BusinessObjectFormatExternalInterfaceDaoHelper.java,repos/42949039/herd-code/herd-service/src/test/java/org/finra/herd/service/helper/BusinessObjectFormatExternalInterfaceDaoHelperTest.java,herd-code/herd-service
42949039,GlobalAttributeDefinitionDaoHelper,GlobalAttributeDefinitionDaoHelperTest,repos/42949039/herd-code/herd-service/src/main/java/org/finra/herd/service/helper/GlobalAttributeDefinitionDaoHelper.java,repos/42949039/herd-code/herd-service/src/test/java/org/finra/herd/service/helper/GlobalAttributeDefinitionDaoHelperTest.java,herd-code/herd-service
35897457,DatatypeFactory,DatatypeFactoryTest,repos/35897457/nxparser-model-datatypes/src/main/java/org/semanticweb/yars/nx/dt/DatatypeFactory.java,repos/35897457/nxparser-model-datatypes/src/test/java/org/semanticweb/yars/nx/dt/DatatypeFactoryTest.java,nxparser-model-datatypes
42949039,HerdJmsDestinationResolver,HerdJmsDestinationResolverTest,repos/42949039/herd-code/herd-service/src/main/java/org/finra/herd/service/helper/HerdJmsDestinationResolver.java,repos/42949039/herd-code/herd-service/src/test/java/org/finra/herd/service/helper/HerdJmsDestinationResolverTest.java,herd-code/herd-service
42949039,VelocityNonStrictHelper,VelocityNonStrictHelperTest,repos/42949039/herd-code/herd-service/src/main/java/org/finra/herd/service/helper/VelocityNonStrictHelper.java,repos/42949039/herd-code/herd-service/src/test/java/org/finra/herd/service/helper/VelocityNonStrictHelperTest.java,herd-code/herd-service
42949039,StoragePlatformRestController,StoragePlatformRestControllerTest,repos/42949039/herd-code/herd-rest/src/main/java/org/finra/herd/rest/StoragePlatformRestController.java,repos/42949039/herd-code/herd-rest/src/test/java/org/finra/herd/rest/StoragePlatformRestControllerTest.java,herd-code/herd-rest
42949039,NamespaceSecurityAdvice,NamespaceSecurityAdviceTest,repos/42949039/herd-code/herd-service/src/main/java/org/finra/herd/service/advice/NamespaceSecurityAdvice.java,repos/42949039/herd-code/herd-service/src/test/java/org/finra/herd/service/advice/NamespaceSecurityAdviceTest.java,herd-code/herd-service
42949039,AwsServiceHelper,AwsServiceHelperTest,repos/42949039/herd-code/herd-service/src/main/java/org/finra/herd/service/helper/AwsServiceHelper.java,repos/42949039/herd-code/herd-service/src/test/java/org/finra/herd/service/helper/AwsServiceHelperTest.java,herd-code/herd-service
42949039,ConfigurationHelper,ConfigurationHelperTest,repos/42949039/herd-code/herd-core/src/main/java/org/finra/herd/core/helper/ConfigurationHelper.java,repos/42949039/herd-code/herd-core/src/test/java/org/finra/herd/core/helper/ConfigurationHelperTest.java,herd-code/herd-core
42949039,SecurityFunctionDaoHelper,SecurityFunctionDaoHelperTest,repos/42949039/herd-code/herd-service/src/main/java/org/finra/herd/service/helper/SecurityFunctionDaoHelper.java,repos/42949039/herd-code/herd-service/src/test/java/org/finra/herd/service/helper/SecurityFunctionDaoHelperTest.java,herd-code/herd-service
42949039,UploaderWebClient,UploaderWebClientTest,repos/42949039/herd-code/herd-tools/herd-uploader/src/main/java/org/finra/herd/tools/uploader/UploaderWebClient.java,repos/42949039/herd-code/herd-tools/herd-uploader/src/test/java/org/finra/herd/tools/uploader/UploaderWebClientTest.java,herd-code/herd-tools/herd-uploader
42949039,TrustedUserAuthenticationFilter,TrustedUserAuthenticationFilterTest,repos/42949039/herd-code/herd-app/src/main/java/org/finra/herd/app/security/TrustedUserAuthenticationFilter.java,repos/42949039/herd-code/herd-app/src/test/java/org/finra/herd/app/security/TrustedUserAuthenticationFilterTest.java,herd-code/herd-app
42949039,SecurityRoleFunctionHelper,SecurityRoleFunctionHelperTest,repos/42949039/herd-code/herd-service/src/main/java/org/finra/herd/service/helper/SecurityRoleFunctionHelper.java,repos/42949039/herd-code/herd-service/src/test/java/org/finra/herd/service/helper/SecurityRoleFunctionHelperTest.java,herd-code/herd-service
35515269,KeycloakUserDetailsAuthenticationProvider,KeycloakUserDetailsAuthenticationProviderTest,repos/35515269/keycloak-spring-security-user-details/src/main/java/org/keycloak/adapters/springsecurity/userdetails/authentication/KeycloakUserDetailsAuthenticationProvider.java,repos/35515269/keycloak-spring-security-user-details/src/test/java/org/keycloak/adapters/springsecurity/userdetails/authentication/KeycloakUserDetailsAuthenticationProviderTest.java,keycloak-spring-security-user-details
42949039,HttpHeaderAuthenticationFilter,HttpHeaderAuthenticationFilterTest,repos/42949039/herd-code/herd-app/src/main/java/org/finra/herd/app/security/HttpHeaderAuthenticationFilter.java,repos/42949039/herd-code/herd-app/src/test/java/org/finra/herd/app/security/HttpHeaderAuthenticationFilterTest.java,herd-code/herd-app
4159017,CodeReader,CodeReaderTest,repos/4159017/sslr-core/src/main/java/org/sonar/sslr/channel/CodeReader.java,repos/4159017/sslr-core/src/test/java/org/sonar/sslr/channel/CodeReaderTest.java,sslr-core
42949039,AttributeDaoHelper,AttributeDaoHelperTest,repos/42949039/herd-code/herd-service/src/main/java/org/finra/herd/service/helper/AttributeDaoHelper.java,repos/42949039/herd-code/herd-service/src/test/java/org/finra/herd/service/helper/AttributeDaoHelperTest.java,herd-code/herd-service
4159017,ToolkitPresenter,ToolkitPresenterTest,repos/4159017/sslr-toolkit/src/main/java/org/sonar/sslr/internal/toolkit/ToolkitPresenter.java,repos/4159017/sslr-toolkit/src/test/java/org/sonar/sslr/internal/toolkit/ToolkitPresenterTest.java,sslr-toolkit
42949039,S3PropertiesLocationHelper,S3PropertiesLocationHelperTest,repos/42949039/herd-code/herd-service/src/main/java/org/finra/herd/service/helper/S3PropertiesLocationHelper.java,repos/42949039/herd-code/herd-service/src/test/java/org/finra/herd/service/helper/S3PropertiesLocationHelperTest.java,herd-code/herd-service
42949039,StopWatchAdvice,StopWatchAdviceTest,repos/42949039/herd-code/herd-service/src/main/java/org/finra/herd/service/advice/StopWatchAdvice.java,repos/42949039/herd-code/herd-service/src/test/java/org/finra/herd/service/advice/StopWatchAdviceTest.java,herd-code/herd-service
42949039,PartitionKeyGroupRestController,PartitionKeyGroupRestControllerTest,repos/42949039/herd-code/herd-rest/src/main/java/org/finra/herd/rest/PartitionKeyGroupRestController.java,repos/42949039/herd-code/herd-rest/src/test/java/org/finra/herd/rest/PartitionKeyGroupRestControllerTest.java,herd-code/herd-rest
4398263,AdIdRequestTask,AdIdRequestTaskTest,repos/4398263/bvcommon/src/main/java/com/bazaarvoice/bvandroidsdk/AdIdRequestTask.java,repos/4398263/bvcommon/src/test/java/com/bazaarvoice/bvandroidsdk/AdIdRequestTaskTest.java,bvcommon
42949039,XsdParser,XsdParserTest,repos/42949039/herd-build/herd-swaggergen-maven-plugin/src/main/java/org/finra/herd/swaggergen/XsdParser.java,repos/42949039/herd-build/herd-swaggergen-maven-plugin/src/test/java/org/finra/herd/swaggergen/XsdParserTest.java,herd-build/herd-swaggergen-maven-plugin
4159017,Validators,ValidatorsTest,repos/4159017/sslr-toolkit/src/main/java/org/sonar/sslr/toolkit/Validators.java,repos/4159017/sslr-toolkit/src/test/java/org/sonar/sslr/toolkit/ValidatorsTest.java,sslr-toolkit
42949039,EmrClusterDefinitionHelper,EmrClusterDefinitionHelperTest,repos/42949039/herd-code/herd-service/src/main/java/org/finra/herd/service/helper/EmrClusterDefinitionHelper.java,repos/42949039/herd-code/herd-service/src/test/java/org/finra/herd/service/helper/EmrClusterDefinitionHelperTest.java,herd-code/herd-service
42949039,BusinessObjectDefinitionDescriptionSuggestionStatusDaoHelper,BusinessObjectDefinitionDescriptionSuggestionStatusDaoHelperTest,repos/42949039/herd-code/herd-service/src/main/java/org/finra/herd/service/helper/BusinessObjectDefinitionDescriptionSuggestionStatusDaoHelper.java,repos/42949039/herd-code/herd-service/src/test/java/org/finra/herd/service/helper/BusinessObjectDefinitionDescriptionSuggestionStatusDaoHelperTest.java,herd-code/herd-service
4159017,LineOffsets,LineOffsetsTest,repos/4159017/sslr-toolkit/src/main/java/org/sonar/sslr/internal/toolkit/LineOffsets.java,repos/4159017/sslr-toolkit/src/test/java/org/sonar/sslr/internal/toolkit/LineOffsetsTest.java,sslr-toolkit
4398263,RecommendationsRequest,RecommendationsRequestTest,repos/4398263/bvrecommendations/src/main/java/com/bazaarvoice/bvandroidsdk/RecommendationsRequest.java,repos/4398263/bvrecommendations/src/test/java/com/bazaarvoice/bvandroidsdk/RecommendationsRequestTest.java,bvrecommendations
42949039,UploadDownloadHelper,UploadDownloadHelperTest,repos/42949039/herd-code/herd-service/src/main/java/org/finra/herd/service/helper/UploadDownloadHelper.java,repos/42949039/herd-code/herd-service/src/test/java/org/finra/herd/service/helper/UploadDownloadHelperTest.java,herd-code/herd-service
40266095,CandidateAnnotator,CandidateAnnotatorTest,repos/40266095/de.tudarmstadt.ukp.dkpro.keyphrases.core-asl/src/main/java/de/tudarmstadt/ukp/dkpro/keyphrases/core/candidate/CandidateAnnotator.java,repos/40266095/de.tudarmstadt.ukp.dkpro.keyphrases.core-asl/src/test/java/de/tudarmstadt/ukp/dkpro/keyphrases/core/candidate/CandidateAnnotatorTest.java,de.tudarmstadt.ukp.dkpro.keyphrases.core-asl
42949039,BusinessObjectDefinitionDescriptionSuggestionDaoHelper,BusinessObjectDefinitionDescriptionSuggestionDaoHelperTest,repos/42949039/herd-code/herd-service/src/main/java/org/finra/herd/service/helper/BusinessObjectDefinitionDescriptionSuggestionDaoHelper.java,repos/42949039/herd-code/herd-service/src/test/java/org/finra/herd/service/helper/BusinessObjectDefinitionDescriptionSuggestionDaoHelperTest.java,herd-code/herd-service
40266095,PageRankRanking,PageRankRankingTest,repos/40266095/de.tudarmstadt.ukp.dkpro.keyphrases.textgraphs-gpl/src/main/java/de/tudarmstadt/ukp/dkpro/keyphrases/ranking/PageRankRanking.java,repos/40266095/de.tudarmstadt.ukp.dkpro.keyphrases.textgraphs-gpl/src/test/java/de/tudarmstadt/ukp/dkpro/keyphrases/ranking/PageRankRankingTest.java,de.tudarmstadt.ukp.dkpro.keyphrases.textgraphs-gpl
42949039,Hive13DdlGenerator,Hive13DdlGeneratorTest,repos/42949039/herd-code/herd-service/src/main/java/org/finra/herd/service/helper/Hive13DdlGenerator.java,repos/42949039/herd-code/herd-service/src/test/java/org/finra/herd/service/helper/Hive13DdlGeneratorTest.java,herd-code/herd-service
42949039,BusinessObjectDataRestController,BusinessObjectDataRestControllerTest,repos/42949039/herd-code/herd-rest/src/main/java/org/finra/herd/rest/BusinessObjectDataRestController.java,repos/42949039/herd-code/herd-rest/src/test/java/org/finra/herd/rest/BusinessObjectDataRestControllerTest.java,herd-code/herd-rest
42949039,BusinessObjectDefinitionSubjectMatterExpertRestController,BusinessObjectDefinitionSubjectMatterExpertRestControllerTest,repos/42949039/herd-code/herd-rest/src/main/java/org/finra/herd/rest/BusinessObjectDefinitionSubjectMatterExpertRestController.java,repos/42949039/herd-code/herd-rest/src/test/java/org/finra/herd/rest/BusinessObjectDefinitionSubjectMatterExpertRestControllerTest.java,herd-code/herd-rest
42949039,SearchIndexUpdateJmsMessageListener,SearchIndexUpdateJmsMessageListenerTest,repos/42949039/herd-code/herd-service/src/main/java/org/finra/herd/service/helper/SearchIndexUpdateJmsMessageListener.java,repos/42949039/herd-code/herd-service/src/test/java/org/finra/herd/service/helper/SearchIndexUpdateJmsMessageListenerTest.java,herd-code/herd-service
4159017,AstNodeNavigator,AstNodeNavigatorTest,repos/4159017/sslr-xpath/src/main/java/com/sonar/sslr/impl/xpath/AstNodeNavigator.java,repos/4159017/sslr-xpath/src/test/java/com/sonar/sslr/impl/xpath/AstNodeNavigatorTest.java,sslr-xpath
4398263,BVPixel,BvPixelTest,repos/4398263/bvanalytics/src/main/java/com/bazaarvoice/bvandroidsdk/BVPixel.java,repos/4398263/bvanalytics/src/test/java/com/bazaarvoice/bvandroidsdk/BvPixelTest.java,bvanalytics
42949039,ConfigurationDaoHelper,ConfigurationDaoHelperTest,repos/42949039/herd-code/herd-service/src/main/java/org/finra/herd/service/helper/ConfigurationDaoHelper.java,repos/42949039/herd-code/herd-service/src/test/java/org/finra/herd/service/helper/ConfigurationDaoHelperTest.java,herd-code/herd-service
4159017,ParseRunner,ParseRunnerTest,repos/4159017/sslr-core/src/main/java/org/sonar/sslr/parser/ParseRunner.java,repos/4159017/sslr-core/src/test/java/org/sonar/sslr/parser/ParseRunnerTest.java,sslr-core
42949039,BusinessObjectDefinitionHelper,BusinessObjectDefinitionHelperTest,repos/42949039/herd-code/herd-service/src/main/java/org/finra/herd/service/helper/BusinessObjectDefinitionHelper.java,repos/42949039/herd-code/herd-service/src/test/java/org/finra/herd/service/helper/BusinessObjectDefinitionHelperTest.java,herd-code/herd-service
42949039,SearchIndexStatusDaoHelper,SearchIndexStatusDaoHelperTest,repos/42949039/herd-code/herd-service/src/main/java/org/finra/herd/service/helper/SearchIndexStatusDaoHelper.java,repos/42949039/herd-code/herd-service/src/test/java/org/finra/herd/service/helper/SearchIndexStatusDaoHelperTest.java,herd-code/herd-service
42949039,BusinessObjectDataKeyComparator,BusinessObjectDataKeyComparatorTest,repos/42949039/herd-code/herd-service/src/main/java/org/finra/herd/service/helper/BusinessObjectDataKeyComparator.java,repos/42949039/herd-code/herd-service/src/test/java/org/finra/herd/service/helper/BusinessObjectDataKeyComparatorTest.java,herd-code/herd-service
42949039,BusinessObjectFormatExternalInterfaceDescriptiveInformationHelper,BusinessObjectFormatExternalInterfaceDescriptiveInformationHelperTest,repos/42949039/herd-code/herd-service/src/main/java/org/finra/herd/service/helper/BusinessObjectFormatExternalInterfaceDescriptiveInformationHelper.java,repos/42949039/herd-code/herd-service/src/test/java/org/finra/herd/service/helper/BusinessObjectFormatExternalInterfaceDescriptiveInformationHelperTest.java,herd-code/herd-service
42949039,HerdStringUtils,HerdStringUtilsTest,repos/42949039/herd-code/herd-core/src/main/java/org/finra/herd/core/HerdStringUtils.java,repos/42949039/herd-code/herd-core/src/test/java/org/finra/herd/core/HerdStringUtilsTest.java,herd-code/herd-core
42949039,PublishNotificationMessagesAdvice,PublishNotificationMessagesAdviceTest,repos/42949039/herd-code/herd-service/src/main/java/org/finra/herd/service/advice/PublishNotificationMessagesAdvice.java,repos/42949039/herd-code/herd-service/src/test/java/org/finra/herd/service/advice/PublishNotificationMessagesAdviceTest.java,herd-code/herd-service
42949039,ExternalInterfaceDaoHelper,ExternalInterfaceDaoHelperTest,repos/42949039/herd-code/herd-service/src/main/java/org/finra/herd/service/helper/ExternalInterfaceDaoHelper.java,repos/42949039/herd-code/herd-service/src/test/java/org/finra/herd/service/helper/ExternalInterfaceDaoHelperTest.java,herd-code/herd-service
42949039,JobDefinitionHelper,JobDefinitionHelperTest,repos/42949039/herd-code/herd-service/src/main/java/org/finra/herd/service/helper/JobDefinitionHelper.java,repos/42949039/herd-code/herd-service/src/test/java/org/finra/herd/service/helper/JobDefinitionHelperTest.java,herd-code/herd-service
23257998,BasicTypesLocalVarFilter,BasicTypesLocalVarFilterTest,repos/23257998/semdroid-core/src/main/java/com/oprisnik/semdroid/filter/BasicTypesLocalVarFilter.java,repos/23257998/semdroid-core/src/test/java/com/oprisnik/semdroid/filter/BasicTypesLocalVarFilterTest.java,semdroid-core
4398263,StringUtils,StringUtilsTest,repos/4398263/bvcommon/src/main/java/com/bazaarvoice/bvandroidsdk/StringUtils.java,repos/4398263/bvcommon/src/test/java/com/bazaarvoice/bvandroidsdk/StringUtilsTest.java,bvcommon
42949039,ExampleXmlGenerator,ExampleXmlGeneratorTest,repos/42949039/herd-build/herd-swaggergen-maven-plugin/src/main/java/org/finra/herd/swaggergen/ExampleXmlGenerator.java,repos/42949039/herd-build/herd-swaggergen-maven-plugin/src/test/java/org/finra/herd/swaggergen/ExampleXmlGeneratorTest.java,herd-build/herd-swaggergen-maven-plugin
42949039,CustomDdlRestController,CustomDdlRestControllerTest,repos/42949039/herd-code/herd-rest/src/main/java/org/finra/herd/rest/CustomDdlRestController.java,repos/42949039/herd-code/herd-rest/src/test/java/org/finra/herd/rest/CustomDdlRestControllerTest.java,herd-code/herd-rest
4159017,GrammarOperators,GrammarOperatorsTest,repos/4159017/sslr-core/src/main/java/org/sonar/sslr/parser/GrammarOperators.java,repos/4159017/sslr-core/src/test/java/org/sonar/sslr/parser/GrammarOperatorsTest.java,sslr-core
4159017,Instruction,InstructionTest,repos/4159017/sslr-core/src/main/java/org/sonar/sslr/internal/vm/Instruction.java,repos/4159017/sslr-core/src/test/java/org/sonar/sslr/internal/vm/InstructionTest.java,sslr-core
42949039,XsdNamespaceContext,XsdNamespaceContextTest,repos/42949039/herd-build/herd-swaggergen-maven-plugin/src/main/java/org/finra/herd/swaggergen/XsdNamespaceContext.java,repos/42949039/herd-build/herd-swaggergen-maven-plugin/src/test/java/org/finra/herd/swaggergen/XsdNamespaceContextTest.java,herd-build/herd-swaggergen-maven-plugin
30008530,ZkCoordinator,ZkCoordinatorTest,repos/30008530/jetstream-messaging/src/main/java/com/ebay/jetstream/event/channel/kafka/ZkCoordinator.java,repos/30008530/jetstream-messaging/src/test/java/com/ebay/jetstream/event/channel/kafka/ZkCoordinatorTest.java,jetstream-messaging
42949039,SecurityFunctionHelper,SecurityFunctionHelperTest,repos/42949039/herd-code/herd-service/src/main/java/org/finra/herd/service/helper/SecurityFunctionHelper.java,repos/42949039/herd-code/herd-service/src/test/java/org/finra/herd/service/helper/SecurityFunctionHelperTest.java,herd-code/herd-service
40266095,PageRank,PageRankTest,repos/40266095/de.tudarmstadt.ukp.dkpro.keyphrases.textgraphs-gpl/src/main/java/de/tudarmstadt/ukp/dkpro/keyphrases/textgraphs/util/PageRank.java,repos/40266095/de.tudarmstadt.ukp.dkpro.keyphrases.textgraphs-gpl/src/test/java/de/tudarmstadt/ukp/dkpro/keyphrases/textgraphs/util/PageRankTest.java,de.tudarmstadt.ukp.dkpro.keyphrases.textgraphs-gpl
35515269,KeycloakSpringAdapterUtils,KeycloakSpringAdapterUtilsTest,repos/35515269/keycloak-spring-security-auth/src/main/java/org/keycloak/adapters/springsecurity/support/KeycloakSpringAdapterUtils.java,repos/35515269/keycloak-spring-security-auth/src/test/java/org/keycloak/adapters/springsecurity/support/KeycloakSpringAdapterUtilsTest.java,keycloak-spring-security-auth
4159017,JsonGrammar,JsonGrammarTest,repos/4159017/sslr-examples/src/main/java/org/sonar/sslr/examples/grammars/typed/JsonGrammar.java,repos/4159017/sslr-examples/src/test/java/org/sonar/sslr/examples/grammars/typed/JsonGrammarTest.java,sslr-examples
4398263,LoadCallProgressiveSubmission,LoadCallTestProgressiveSubmission,repos/4398263/bvconversations/src/main/java/com/bazaarvoice/bvandroidsdk/LoadCallProgressiveSubmission.java,repos/4398263/bvconversations/src/test/java/com/bazaarvoice/bvandroidsdk/LoadCallTestProgressiveSubmission.java,bvconversations
4159017,TokenTypeExpression,TokenTypeExpressionTest,repos/4159017/sslr-core/src/main/java/org/sonar/sslr/internal/vm/lexerful/TokenTypeExpression.java,repos/4159017/sslr-core/src/test/java/org/sonar/sslr/internal/vm/lexerful/TokenTypeExpressionTest.java,sslr-core
32521417,TaupageYamlProviderImpl,TaupageYamlProviderImplTest,repos/32521417/fullstop-plugins/fullstop-instance-plugin-support/src/main/java/org/zalando/stups/fullstop/plugin/provider/impl/TaupageYamlProviderImpl.java,repos/32521417/fullstop-plugins/fullstop-instance-plugin-support/src/test/java/org/zalando/stups/fullstop/plugin/provider/impl/TaupageYamlProviderImplTest.java,fullstop-plugins/fullstop-instance-plugin-support
42949039,SearchIndexUpdateHelper,SearchIndexUpdateHelperTest,repos/42949039/herd-code/herd-service/src/main/java/org/finra/herd/service/helper/SearchIndexUpdateHelper.java,repos/42949039/herd-code/herd-service/src/test/java/org/finra/herd/service/helper/SearchIndexUpdateHelperTest.java,herd-code/herd-service
42949039,SecurityRoleRestController,SecurityRoleRestControllerTest,repos/42949039/herd-code/herd-rest/src/main/java/org/finra/herd/rest/SecurityRoleRestController.java,repos/42949039/herd-code/herd-rest/src/test/java/org/finra/herd/rest/SecurityRoleRestControllerTest.java,herd-code/herd-rest
39970786,TodoManagerImpl,TodoManagerImplTest,repos/39970786/serviceQueue/src/main/java/com/mammatustech/todo/TodoManagerImpl.java,repos/39970786/serviceQueue/src/test/java/com/mammatustech/todo/TodoManagerImplTest.java,serviceQueue
42949039,StorageFileDaoHelper,StorageFileDaoHelperTest,repos/42949039/herd-code/herd-service/src/main/java/org/finra/herd/service/helper/StorageFileDaoHelper.java,repos/42949039/herd-code/herd-service/src/test/java/org/finra/herd/service/helper/StorageFileDaoHelperTest.java,herd-code/herd-service
42949039,WildcardHelper,WildcardHelperTest,repos/42949039/herd-code/herd-core/src/main/java/org/finra/herd/core/helper/WildcardHelper.java,repos/42949039/herd-code/herd-core/src/test/java/org/finra/herd/core/helper/WildcardHelperTest.java,herd-code/herd-core
42949039,JobDefinitionRestController,JobDefinitionRestControllerTest,repos/42949039/herd-code/herd-rest/src/main/java/org/finra/herd/rest/JobDefinitionRestController.java,repos/42949039/herd-code/herd-rest/src/test/java/org/finra/herd/rest/JobDefinitionRestControllerTest.java,herd-code/herd-rest
42949039,StorageUnitHelper,StorageUnitHelperTest,repos/42949039/herd-code/herd-service/src/main/java/org/finra/herd/service/helper/StorageUnitHelper.java,repos/42949039/herd-code/herd-service/src/test/java/org/finra/herd/service/helper/StorageUnitHelperTest.java,herd-code/herd-service
40266095,CooccurrenceGraph,CooccurrenceGraphTest,repos/40266095/de.tudarmstadt.ukp.dkpro.keyphrases.textgraphs-gpl/src/main/java/de/tudarmstadt/ukp/dkpro/keyphrases/textgraphs/CooccurrenceGraph.java,repos/40266095/de.tudarmstadt.ukp.dkpro.keyphrases.textgraphs-gpl/src/test/java/de/tudarmstadt/ukp/dkpro/keyphrases/textgraphs/CooccurrenceGraphTest.java,de.tudarmstadt.ukp.dkpro.keyphrases.textgraphs-gpl
35897457,Util,UtilTest,repos/35897457/nxparser-utilities-uri/src/main/java/org/semanticweb/yars/util/Util.java,repos/35897457/nxparser-utilities-uri/src/test/java/org/semanticweb/yars/util/UtilTest.java,nxparser-utilities-uri
4159017,ParserAdapter,ParserAdapterTest,repos/4159017/sslr-core/src/main/java/org/sonar/sslr/parser/ParserAdapter.java,repos/4159017/sslr-core/src/test/java/org/sonar/sslr/parser/ParserAdapterTest.java,sslr-core
42949039,RequestLoggingFilter,RequestLoggingFilterTest,repos/42949039/herd-code/herd-ui/src/main/java/org/finra/herd/ui/RequestLoggingFilter.java,repos/42949039/herd-code/herd-ui/src/test/java/org/finra/herd/ui/RequestLoggingFilterTest.java,herd-code/herd-ui
42949039,ExpectedPartitionValueRestController,ExpectedPartitionValueRestControllerTest,repos/42949039/herd-code/herd-rest/src/main/java/org/finra/herd/rest/ExpectedPartitionValueRestController.java,repos/42949039/herd-code/herd-rest/src/test/java/org/finra/herd/rest/ExpectedPartitionValueRestControllerTest.java,herd-code/herd-rest
4159017,EndOfInputExpression,EndOfInputExpressionTest,repos/4159017/sslr-core/src/main/java/org/sonar/sslr/internal/vm/EndOfInputExpression.java,repos/4159017/sslr-core/src/test/java/org/sonar/sslr/internal/vm/EndOfInputExpressionTest.java,sslr-core
4159017,AnyTokenExpression,AnyTokenExpressionTest,repos/4159017/sslr-core/src/main/java/org/sonar/sslr/internal/vm/lexerful/AnyTokenExpression.java,repos/4159017/sslr-core/src/test/java/org/sonar/sslr/internal/vm/lexerful/AnyTokenExpressionTest.java,sslr-core
40266095,DocumentPerformanceResult,DocumentPerformanceResultTest,repos/40266095/de.tudarmstadt.ukp.dkpro.keyphrases.bookindexing-gpl/src/main/java/de/tudarmstadt/ukp/dkpro/keyphrases/bookindexing/evaluation/performancemeasures/DocumentPerformanceResult.java,repos/40266095/de.tudarmstadt.ukp.dkpro.keyphrases.bookindexing-gpl/src/test/java/de/tudarmstadt/ukp/dkpro/keyphrases/bookindexing/evaluation/performancemeasures/DocumentPerformanceResultTest.java,de.tudarmstadt.ukp.dkpro.keyphrases.bookindexing-gpl
42949039,HerdErrorInformationExceptionHandler,HerdErrorInformationExceptionHandlerTest,repos/42949039/herd-code/herd-service/src/main/java/org/finra/herd/service/helper/HerdErrorInformationExceptionHandler.java,repos/42949039/herd-code/herd-service/src/test/java/org/finra/herd/service/helper/HerdErrorInformationExceptionHandlerTest.java,herd-code/herd-service
4398263,ShopperProfile,ShopperProfileTest,repos/4398263/bvcommon/src/main/java/com/bazaarvoice/bvandroidsdk/ShopperProfile.java,repos/4398263/bvcommon/src/test/java/com/bazaarvoice/bvandroidsdk/ShopperProfileTest.java,bvcommon
42949039,VelocityHelper,VelocityHelperTest,repos/42949039/herd-code/herd-service/src/main/java/org/finra/herd/service/helper/VelocityHelper.java,repos/42949039/herd-code/herd-service/src/test/java/org/finra/herd/service/helper/VelocityHelperTest.java,herd-code/herd-service
42949039,CurrentUserRestController,CurrentUserRestControllerTest,repos/42949039/herd-code/herd-rest/src/main/java/org/finra/herd/rest/CurrentUserRestController.java,repos/42949039/herd-code/herd-rest/src/test/java/org/finra/herd/rest/CurrentUserRestControllerTest.java,herd-code/herd-rest
42949039,HerdRestControllerAdvice,HerdRestControllerAdviceTest,repos/42949039/herd-code/herd-rest/src/main/java/org/finra/herd/rest/HerdRestControllerAdvice.java,repos/42949039/herd-code/herd-rest/src/test/java/org/finra/herd/rest/HerdRestControllerAdviceTest.java,herd-code/herd-rest
4159017,TokenTypesExpression,TokenTypesExpressionTest,repos/4159017/sslr-core/src/main/java/org/sonar/sslr/internal/vm/lexerful/TokenTypesExpression.java,repos/4159017/sslr-core/src/test/java/org/sonar/sslr/internal/vm/lexerful/TokenTypesExpressionTest.java,sslr-core
42949039,SecurityRoleFunctionRestController,SecurityRoleFunctionRestControllerTest,repos/42949039/herd-code/herd-rest/src/main/java/org/finra/herd/rest/SecurityRoleFunctionRestController.java,repos/42949039/herd-code/herd-rest/src/test/java/org/finra/herd/rest/SecurityRoleFunctionRestControllerTest.java,herd-code/herd-rest
40266095,CollectionPerformanceResult,CollectionPerformanceResultTest,repos/40266095/de.tudarmstadt.ukp.dkpro.keyphrases.bookindexing-gpl/src/main/java/de/tudarmstadt/ukp/dkpro/keyphrases/bookindexing/evaluation/performancemeasures/CollectionPerformanceResult.java,repos/40266095/de.tudarmstadt.ukp.dkpro.keyphrases.bookindexing-gpl/src/test/java/de/tudarmstadt/ukp/dkpro/keyphrases/bookindexing/evaluation/performancemeasures/CollectionPerformanceResultTest.java,de.tudarmstadt.ukp.dkpro.keyphrases.bookindexing-gpl
42949039,StoragePolicyProcessorJmsMessageListener,StoragePolicyProcessorJmsMessageListenerTest,repos/42949039/herd-code/herd-service/src/main/java/org/finra/herd/service/helper/StoragePolicyProcessorJmsMessageListener.java,repos/42949039/herd-code/herd-service/src/test/java/org/finra/herd/service/helper/StoragePolicyProcessorJmsMessageListenerTest.java,herd-code/herd-service
42949039,AttributeValueListDaoHelper,AttributeValueListDaoHelperTest,repos/42949039/herd-code/herd-service/src/main/java/org/finra/herd/service/helper/AttributeValueListDaoHelper.java,repos/42949039/herd-code/herd-service/src/test/java/org/finra/herd/service/helper/AttributeValueListDaoHelperTest.java,herd-code/herd-service
42949039,NotificationRegistrationDaoHelper,NotificationRegistrationDaoHelperTest,repos/42949039/herd-code/herd-service/src/main/java/org/finra/herd/service/helper/NotificationRegistrationDaoHelper.java,repos/42949039/herd-code/herd-service/src/test/java/org/finra/herd/service/helper/NotificationRegistrationDaoHelperTest.java,herd-code/herd-service
35897457,NodeArrayComparator,NodeArrayComparatorTest,repos/35897457/nxparser-utilities-nx/src/main/java/org/semanticweb/yars/nx/NodeArrayComparator.java,repos/35897457/nxparser-utilities-nx/src/test/java/org/semanticweb/yars/nx/NodeArrayComparatorTest.java,nxparser-utilities-nx
42949039,UploadDownloadRestController,UploadDownloadRestControllerTest,repos/42949039/herd-code/herd-rest/src/main/java/org/finra/herd/rest/UploadDownloadRestController.java,repos/42949039/herd-code/herd-rest/src/test/java/org/finra/herd/rest/UploadDownloadRestControllerTest.java,herd-code/herd-rest
42949039,SampleDataJmsMessageListener,SampleDataJmsMessageListenerTest,repos/42949039/herd-code/herd-service/src/main/java/org/finra/herd/service/helper/SampleDataJmsMessageListener.java,repos/42949039/herd-code/herd-service/src/test/java/org/finra/herd/service/helper/SampleDataJmsMessageListenerTest.java,herd-code/herd-service
42949039,UploaderController,UploaderControllerTest,repos/42949039/herd-code/herd-tools/herd-uploader/src/main/java/org/finra/herd/tools/uploader/UploaderController.java,repos/42949039/herd-code/herd-tools/herd-uploader/src/test/java/org/finra/herd/tools/uploader/UploaderControllerTest.java,herd-code/herd-tools/herd-uploader
42949039,BusinessObjectFormatExternalInterfaceHelper,BusinessObjectFormatExternalInterfaceHelperTest,repos/42949039/herd-code/herd-service/src/main/java/org/finra/herd/service/helper/BusinessObjectFormatExternalInterfaceHelper.java,repos/42949039/herd-code/herd-service/src/test/java/org/finra/herd/service/helper/BusinessObjectFormatExternalInterfaceHelperTest.java,herd-code/herd-service
42949039,SearchIndexActivationRestController,SearchIndexActivationRestControllerTest,repos/42949039/herd-code/herd-rest/src/main/java/org/finra/herd/rest/SearchIndexActivationRestController.java,repos/42949039/herd-code/herd-rest/src/test/java/org/finra/herd/rest/SearchIndexActivationRestControllerTest.java,herd-code/herd-rest
4159017,Input,InputTest,repos/4159017/sslr-core/src/main/java/com/sonar/sslr/api/typed/Input.java,repos/4159017/sslr-core/src/test/java/com/sonar/sslr/api/typed/InputTest.java,sslr-core
150938406,CsvParser,CsvParserTest,repos/150938406/core/src/main/java/com/alibaba/alink/operator/common/io/csv/CsvParser.java,repos/150938406/core/src/test/java/com/alibaba/alink/operator/common/io/csv/CsvParserTest.java,core
4159017,Grammar,GrammarTest,repos/4159017/sslr-core/src/main/java/com/sonar/sslr/api/Grammar.java,repos/4159017/sslr-core/src/test/java/com/sonar/sslr/api/GrammarTest.java,sslr-core
30000823,RdRandException,RdRandExceptionTest,repos/30000823/lizalab-rdrand-util/src/main/java/net/lizalab/util/RdRandException.java,repos/30000823/lizalab-rdrand-util/src/test/java/net/lizalab/util/RdRandExceptionTest.java,lizalab-rdrand-util
40266095,NodeDegreeRanking,NodeDegreeRankingTest,repos/40266095/de.tudarmstadt.ukp.dkpro.keyphrases.textgraphs-gpl/src/main/java/de/tudarmstadt/ukp/dkpro/keyphrases/ranking/NodeDegreeRanking.java,repos/40266095/de.tudarmstadt.ukp.dkpro.keyphrases.textgraphs-gpl/src/test/java/de/tudarmstadt/ukp/dkpro/keyphrases/ranking/NodeDegreeRankingTest.java,de.tudarmstadt.ukp.dkpro.keyphrases.textgraphs-gpl
4159017,ZeroOrMoreExpression,ZeroOrMoreExpressionTest,repos/4159017/sslr-core/src/main/java/org/sonar/sslr/internal/vm/ZeroOrMoreExpression.java,repos/4159017/sslr-core/src/test/java/org/sonar/sslr/internal/vm/ZeroOrMoreExpressionTest.java,sslr-core
4159017,DelayedRuleInvocationExpression,DelayedRuleInvocationExpressionTest,repos/4159017/sslr-core/src/main/java/com/sonar/sslr/impl/typed/DelayedRuleInvocationExpression.java,repos/4159017/sslr-core/src/test/java/com/sonar/sslr/impl/typed/DelayedRuleInvocationExpressionTest.java,sslr-core
40266095,CompoundPartTokenizer,CompoundPartTokenizerTest,repos/40266095/de.tudarmstadt.ukp.dkpro.keyphrases.decompounding-asl/src/main/java/de/tudarmstadt/ukp/dkpro/keyphrases/decompounding/uima/annotator/CompoundPartTokenizer.java,repos/40266095/de.tudarmstadt.ukp.dkpro.keyphrases.decompounding-asl/src/test/java/de/tudarmstadt/ukp/dkpro/keyphrases/decompounding/uima/annotator/CompoundPartTokenizerTest.java,de.tudarmstadt.ukp.dkpro.keyphrases.decompounding-asl
42949039,NamespaceRestController,NamespaceRestControllerTest,repos/42949039/herd-code/herd-rest/src/main/java/org/finra/herd/rest/NamespaceRestController.java,repos/42949039/herd-code/herd-rest/src/test/java/org/finra/herd/rest/NamespaceRestControllerTest.java,herd-code/herd-rest
42949039,TagRestController,TagRestControllerTest,repos/42949039/herd-code/herd-rest/src/main/java/org/finra/herd/rest/TagRestController.java,repos/42949039/herd-code/herd-rest/src/test/java/org/finra/herd/rest/TagRestControllerTest.java,herd-code/herd-rest
35897457,XsdHexBinary,XsdHexBinaryTest,repos/35897457/nxparser-model-datatypes/src/main/java/org/semanticweb/yars/nx/dt/binary/XsdHexBinary.java,repos/35897457/nxparser-model-datatypes/src/test/java/org/semanticweb/yars/nx/dt/binary/XsdHexBinaryTest.java,nxparser-model-datatypes
35515269,DirectAccessGrantAuthenticationProvider,DirectAccessGrantAuthenticationProviderTest,repos/35515269/keycloak-spring-security-auth/src/main/java/org/keycloak/adapters/springsecurity/authentication/DirectAccessGrantAuthenticationProvider.java,repos/35515269/keycloak-spring-security-auth/src/test/java/org/keycloak/adapters/springsecurity/authentication/DirectAccessGrantAuthenticationProviderTest.java,keycloak-spring-security-auth
42949039,BusinessObjectDataStorageFileRestController,BusinessObjectDataStorageFileRestControllerTest,repos/42949039/herd-code/herd-rest/src/main/java/org/finra/herd/rest/BusinessObjectDataStorageFileRestController.java,repos/42949039/herd-code/herd-rest/src/test/java/org/finra/herd/rest/BusinessObjectDataStorageFileRestControllerTest.java,herd-code/herd-rest
4159017,SkipFromAstIfOnlyOneChild,SkipFromAstIfOnlyOneChildTest,repos/4159017/sslr-core/src/main/java/com/sonar/sslr/impl/ast/SkipFromAstIfOnlyOneChild.java,repos/4159017/sslr-core/src/test/java/com/sonar/sslr/impl/ast/SkipFromAstIfOnlyOneChildTest.java,sslr-core
42949039,UserNamespaceAuthorizationRestController,UserNamespaceAuthorizationRestControllerTest,repos/42949039/herd-code/herd-rest/src/main/java/org/finra/herd/rest/UserNamespaceAuthorizationRestController.java,repos/42949039/herd-code/herd-rest/src/test/java/org/finra/herd/rest/UserNamespaceAuthorizationRestControllerTest.java,herd-code/herd-rest
42949039,NamespaceSecurityHelper,NamespaceSecurityHelperTest,repos/42949039/herd-code/herd-service/src/main/java/org/finra/herd/service/helper/NamespaceSecurityHelper.java,repos/42949039/herd-code/herd-service/src/test/java/org/finra/herd/service/helper/NamespaceSecurityHelperTest.java,herd-code/herd-service
40266095,BookIndexPhraseExtractor_BaseImpl,BookIndexPhraseExtractor_BaseImplTest,repos/40266095/de.tudarmstadt.ukp.dkpro.keyphrases.wrappers-gpl/src/main/java/de/tudarmstadt/ukp/dkpro/keyphrases/bookindexing/wrapper/BookIndexPhraseExtractor_BaseImpl.java,repos/40266095/de.tudarmstadt.ukp.dkpro.keyphrases.wrappers-gpl/src/test/java/de/tudarmstadt/ukp/dkpro/keyphrases/bookindexing/wrapper/BookIndexPhraseExtractor_BaseImplTest.java,de.tudarmstadt.ukp.dkpro.keyphrases.wrappers-gpl
11613195,ThumbnailsAccessor,ThumbnailsAccessorTest,repos/11613195/europeana-client/src/main/java/eu/europeana/api/client/thumbnails/ThumbnailsAccessor.java,repos/11613195/europeana-client/src/test/java/eu/europeana/api/client/thumbnails/ThumbnailsAccessorTest.java,europeana-client
42949039,BusinessObjectDefinitionTagRestController,BusinessObjectDefinitionTagRestControllerTest,repos/42949039/herd-code/herd-rest/src/main/java/org/finra/herd/rest/BusinessObjectDefinitionTagRestController.java,repos/42949039/herd-code/herd-rest/src/test/java/org/finra/herd/rest/BusinessObjectDefinitionTagRestControllerTest.java,herd-code/herd-rest
35897457,XsdGDay,XsdGDayTest,repos/35897457/nxparser-model-datatypes/src/main/java/org/semanticweb/yars/nx/dt/datetime/XsdGDay.java,repos/35897457/nxparser-model-datatypes/src/test/java/org/semanticweb/yars/nx/dt/datetime/XsdGDayTest.java,nxparser-model-datatypes
40266095,TfidfRanking,TfidfRankingTest,repos/40266095/de.tudarmstadt.ukp.dkpro.keyphrases.core-asl/src/main/java/de/tudarmstadt/ukp/dkpro/keyphrases/core/ranking/TfidfRanking.java,repos/40266095/de.tudarmstadt.ukp.dkpro.keyphrases.core-asl/src/test/java/de/tudarmstadt/ukp/dkpro/keyphrases/core/ranking/TfidfRankingTest.java,de.tudarmstadt.ukp.dkpro.keyphrases.core-asl
35897457,NodesReResolvingIterator,NodesReResolvingIteratorTest,repos/35897457/nxparser-utilities-nx/src/main/java/org/semanticweb/yars/nx/NodesReResolvingIterator.java,repos/35897457/nxparser-utilities-nx/src/test/java/org/semanticweb/yars/nx/NodesReResolvingIteratorTest.java,nxparser-utilities-nx
13899,IoUtils,IoUtilsTest,repos/13899/mysql/codec/src/main/java/org/adbcj/mysql/codec/IoUtils.java,repos/13899/mysql/codec/src/test/java/org/adbcj/mysql/codec/IoUtilsTest.java,mysql/codec
42949039,AbstractServiceAdvice,AbstractServiceAdviceTest,repos/42949039/herd-code/herd-service/src/main/java/org/finra/herd/service/advice/AbstractServiceAdvice.java,repos/42949039/herd-code/herd-service/src/test/java/org/finra/herd/service/advice/AbstractServiceAdviceTest.java,herd-code/herd-service
42949039,BusinessObjectDefinitionDescriptionSuggestionRestController,BusinessObjectDefinitionDescriptionSuggestionRestControllerTest,repos/42949039/herd-code/herd-rest/src/main/java/org/finra/herd/rest/BusinessObjectDefinitionDescriptionSuggestionRestController.java,repos/42949039/herd-code/herd-rest/src/test/java/org/finra/herd/rest/BusinessObjectDefinitionDescriptionSuggestionRestControllerTest.java,herd-code/herd-rest
42949039,GlobalAttributeDefinitionRestController,GlobalAttributeDefinitionRestControllerTest,repos/42949039/herd-code/herd-rest/src/main/java/org/finra/herd/rest/GlobalAttributeDefinitionRestController.java,repos/42949039/herd-code/herd-rest/src/test/java/org/finra/herd/rest/GlobalAttributeDefinitionRestControllerTest.java,herd-code/herd-rest
4159017,TokensBridgeExpression,TokensBridgeExpressionTest,repos/4159017/sslr-core/src/main/java/org/sonar/sslr/internal/vm/lexerful/TokensBridgeExpression.java,repos/4159017/sslr-core/src/test/java/org/sonar/sslr/internal/vm/lexerful/TokensBridgeExpressionTest.java,sslr-core
35897457,XsdGMonth,XsdGMonthTest,repos/35897457/nxparser-model-datatypes/src/main/java/org/semanticweb/yars/nx/dt/datetime/XsdGMonth.java,repos/35897457/nxparser-model-datatypes/src/test/java/org/semanticweb/yars/nx/dt/datetime/XsdGMonthTest.java,nxparser-model-datatypes
4159017,RegexChannel,RegexChannelTest,repos/4159017/sslr-core/src/main/java/org/sonar/sslr/channel/RegexChannel.java,repos/4159017/sslr-core/src/test/java/org/sonar/sslr/channel/RegexChannelTest.java,sslr-core
4159017,ParseErrorFormatter,ParseErrorFormatterTest,repos/4159017/sslr-core/src/main/java/org/sonar/sslr/parser/ParseErrorFormatter.java,repos/4159017/sslr-core/src/test/java/org/sonar/sslr/parser/ParseErrorFormatterTest.java,sslr-core
39970786,TodoManagerImpl,TodoManagerImplTest,repos/39970786/serviceBundle/src/main/java/com/mammatustech/todo/TodoManagerImpl.java,repos/39970786/serviceBundle/src/test/java/com/mammatustech/todo/TodoManagerImplTest.java,serviceBundle
35897457,Resource,ResourceTest,repos/35897457/nxparser-model/src/main/java/org/semanticweb/yars/nx/Resource.java,repos/35897457/nxparser-model/src/test/java/org/semanticweb/yars/nx/ResourceTest.java,nxparser-model
42949039,DataProviderRestController,DataProviderRestControllerTest,repos/42949039/herd-code/herd-rest/src/main/java/org/finra/herd/rest/DataProviderRestController.java,repos/42949039/herd-code/herd-rest/src/test/java/org/finra/herd/rest/DataProviderRestControllerTest.java,herd-code/herd-rest
42949039,NotificationActionFactory,NotificationActionFactoryTest,repos/42949039/herd-code/herd-service/src/main/java/org/finra/herd/service/helper/NotificationActionFactory.java,repos/42949039/herd-code/herd-service/src/test/java/org/finra/herd/service/helper/NotificationActionFactoryTest.java,herd-code/herd-service
42949039,AttributeValueListHelper,AttributeValueListHelperTest,repos/42949039/herd-code/herd-service/src/main/java/org/finra/herd/service/helper/AttributeValueListHelper.java,repos/42949039/herd-code/herd-service/src/test/java/org/finra/herd/service/helper/AttributeValueListHelperTest.java,herd-code/herd-service
4159017,CodeBuffer,CodeBufferTest,repos/4159017/sslr-core/src/main/java/org/sonar/sslr/channel/CodeBuffer.java,repos/4159017/sslr-core/src/test/java/org/sonar/sslr/channel/CodeBufferTest.java,sslr-core
122467588,UserPresenter,UserPresenterTest,repos/122467588/example/src/main/java/com/example/user/UserPresenter.java,repos/122467588/example/src/test/java/com/example/user/UserPresenterTest.java,example
42949039,SecurityRoleHelper,SecurityRoleHelperTest,repos/42949039/herd-code/herd-service/src/main/java/org/finra/herd/service/helper/SecurityRoleHelper.java,repos/42949039/herd-code/herd-service/src/test/java/org/finra/herd/service/helper/SecurityRoleHelperTest.java,herd-code/herd-service
42949039,HerdRestController,HerdRestControllerTest,repos/42949039/herd-code/herd-rest/src/main/java/org/finra/herd/rest/HerdRestController.java,repos/42949039/herd-code/herd-rest/src/test/java/org/finra/herd/rest/HerdRestControllerTest.java,herd-code/herd-rest
42949039,SystemJobRestController,SystemJobRestControllerTest,repos/42949039/herd-code/herd-rest/src/main/java/org/finra/herd/rest/SystemJobRestController.java,repos/42949039/herd-code/herd-rest/src/test/java/org/finra/herd/rest/SystemJobRestControllerTest.java,herd-code/herd-rest
42949039,RegistrationDateAdapter,RegistrationDateAdapterTest,repos/42949039/herd-code/herd-model-api-15/src/main/java/org/finra/herd/model/api/adapters/RegistrationDateAdapter.java,repos/42949039/herd-code/herd-model-api-15/src/test/java/org/finra/herd/model/api/adapters/RegistrationDateAdapterTest.java,herd-code/herd-model-api-15
35897457,XsdDateTime,XsdDateTimeTest,repos/35897457/nxparser-model-datatypes/src/main/java/org/semanticweb/yars/nx/dt/datetime/XsdDateTime.java,repos/35897457/nxparser-model-datatypes/src/test/java/org/semanticweb/yars/nx/dt/datetime/XsdDateTimeTest.java,nxparser-model-datatypes
42949039,StorageRestController,StorageRestControllerTest,repos/42949039/herd-code/herd-rest/src/main/java/org/finra/herd/rest/StorageRestController.java,repos/42949039/herd-code/herd-rest/src/test/java/org/finra/herd/rest/StorageRestControllerTest.java,herd-code/herd-rest
4398263,ConversationsAnalyticsManager,ConversationsAnalyticsManagerTest,repos/4398263/bvconversations/src/main/java/com/bazaarvoice/bvandroidsdk/ConversationsAnalyticsManager.java,repos/4398263/bvconversations/src/test/java/com/bazaarvoice/bvandroidsdk/ConversationsAnalyticsManagerTest.java,bvconversations
40266095,PositionRanking,PositionRankingTest,repos/40266095/de.tudarmstadt.ukp.dkpro.keyphrases.core-asl/src/main/java/de/tudarmstadt/ukp/dkpro/keyphrases/core/ranking/PositionRanking.java,repos/40266095/de.tudarmstadt.ukp.dkpro.keyphrases.core-asl/src/test/java/de/tudarmstadt/ukp/dkpro/keyphrases/core/ranking/PositionRankingTest.java,de.tudarmstadt.ukp.dkpro.keyphrases.core-asl
42949039,BusinessObjectDataStorageUnitRestController,BusinessObjectDataStorageUnitRestControllerTest,repos/42949039/herd-code/herd-rest/src/main/java/org/finra/herd/rest/BusinessObjectDataStorageUnitRestController.java,repos/42949039/herd-code/herd-rest/src/test/java/org/finra/herd/rest/BusinessObjectDataStorageUnitRestControllerTest.java,herd-code/herd-rest
42949039,DdlGeneratorFactory,DdlGeneratorFactoryTest,repos/42949039/herd-code/herd-service/src/main/java/org/finra/herd/service/helper/DdlGeneratorFactory.java,repos/42949039/herd-code/herd-service/src/test/java/org/finra/herd/service/helper/DdlGeneratorFactoryTest.java,herd-code/herd-service
42949039,BusinessObjectFormatExternalInterfaceRestController,BusinessObjectFormatExternalInterfaceRestControllerTest,repos/42949039/herd-code/herd-rest/src/main/java/org/finra/herd/rest/BusinessObjectFormatExternalInterfaceRestController.java,repos/42949039/herd-code/herd-rest/src/test/java/org/finra/herd/rest/BusinessObjectFormatExternalInterfaceRestControllerTest.java,herd-code/herd-rest
4159017,AbstractConfigurationModel,AbstractConfigurationModelTest,repos/4159017/sslr-toolkit/src/main/java/org/sonar/sslr/toolkit/AbstractConfigurationModel.java,repos/4159017/sslr-toolkit/src/test/java/org/sonar/sslr/toolkit/AbstractConfigurationModelTest.java,sslr-toolkit
42949039,AttributeValueListRestController,AttributeValueListRestControllerTest,repos/42949039/herd-code/herd-rest/src/main/java/org/finra/herd/rest/AttributeValueListRestController.java,repos/42949039/herd-code/herd-rest/src/test/java/org/finra/herd/rest/AttributeValueListRestControllerTest.java,herd-code/herd-rest
42949039,PropertiesHelper,PropertiesHelperTest,repos/42949039/herd-code/herd-tools/herd-access-validator/src/main/java/org/finra/herd/tools/access/validator/PropertiesHelper.java,repos/42949039/herd-code/herd-tools/herd-access-validator/src/test/java/org/finra/herd/tools/access/validator/PropertiesHelperTest.java,herd-code/herd-tools/herd-access-validator
42949039,SearchIndexRestController,SearchIndexRestControllerTest,repos/42949039/herd-code/herd-rest/src/main/java/org/finra/herd/rest/SearchIndexRestController.java,repos/42949039/herd-code/herd-rest/src/test/java/org/finra/herd/rest/SearchIndexRestControllerTest.java,herd-code/herd-rest
4159017,NothingExpression,NothingExpressionTest,repos/4159017/sslr-core/src/main/java/org/sonar/sslr/internal/vm/NothingExpression.java,repos/4159017/sslr-core/src/test/java/org/sonar/sslr/internal/vm/NothingExpressionTest.java,sslr-core
42949039,NotificationMessageManager,NotificationMessageManagerTest,repos/42949039/herd-code/herd-service/src/main/java/org/finra/herd/service/helper/notification/NotificationMessageManager.java,repos/42949039/herd-code/herd-service/src/test/java/org/finra/herd/service/helper/notification/NotificationMessageManagerTest.java,herd-code/herd-service
35897457,XsdDate,XsdDateTest,repos/35897457/nxparser-model-datatypes/src/main/java/org/semanticweb/yars/nx/dt/datetime/XsdDate.java,repos/35897457/nxparser-model-datatypes/src/test/java/org/semanticweb/yars/nx/dt/datetime/XsdDateTest.java,nxparser-model-datatypes
4159017,TextUtils,TextUtilsTest,repos/4159017/sslr-core/src/main/java/org/sonar/sslr/internal/matchers/TextUtils.java,repos/4159017/sslr-core/src/test/java/org/sonar/sslr/internal/matchers/TextUtilsTest.java,sslr-core
35897457,XsdDateTimeStamp,XsdDateTimeStampTest,repos/35897457/nxparser-model-datatypes/src/main/java/org/semanticweb/yars/nx/dt/datetime/XsdDateTimeStamp.java,repos/35897457/nxparser-model-datatypes/src/test/java/org/semanticweb/yars/nx/dt/datetime/XsdDateTimeStampTest.java,nxparser-model-datatypes
42949039,RegistrationDateAdapter,RegistrationDateAdapterTest,repos/42949039/herd-code/herd-model-api/src/main/java/org/finra/herd/model/api/adapters/RegistrationDateAdapter.java,repos/42949039/herd-code/herd-model-api/src/test/java/org/finra/herd/model/api/adapters/RegistrationDateAdapterTest.java,herd-code/herd-model-api
42949039,RestControllerProcessor,RestControllerProcessorTest,repos/42949039/herd-build/herd-swaggergen-maven-plugin/src/main/java/org/finra/herd/swaggergen/RestControllerProcessor.java,repos/42949039/herd-build/herd-swaggergen-maven-plugin/src/test/java/org/finra/herd/swaggergen/RestControllerProcessorTest.java,herd-build/herd-swaggergen-maven-plugin
35897457,JsonLDParser,JsonLDParserTest,repos/35897457/nxparser-parsers-external-jsonld-semargl/src/main/java/org/semanticweb/yars/parsers/jsonld/semargl/JsonLDParser.java,repos/35897457/nxparser-parsers-external-jsonld-semargl/src/test/java/org/semanticweb/yars/parsers/jsonld/semargl/JsonLDParserTest.java,nxparser-parsers-external-jsonld-semargl
144361208,UserController,UserControllerTest,repos/144361208/pet-sitter/10-ps-mvc-practice/src/main/java/com/ps/web/UserController.java,repos/144361208/pet-sitter/10-ps-mvc-practice/src/test/java/com/ps/web/UserControllerTest.java,pet-sitter/10-ps-mvc-practice
42949039,ExternalInterfaceRestController,ExternalInterfaceRestControllerTest,repos/42949039/herd-code/herd-rest/src/main/java/org/finra/herd/rest/ExternalInterfaceRestController.java,repos/42949039/herd-code/herd-rest/src/test/java/org/finra/herd/rest/ExternalInterfaceRestControllerTest.java,herd-code/herd-rest
40266095,TfBackgroundIdfRanking,TfBackgroundIdfRankingTest,repos/40266095/de.tudarmstadt.ukp.dkpro.keyphrases.core-asl/src/main/java/de/tudarmstadt/ukp/dkpro/keyphrases/core/ranking/TfBackgroundIdfRanking.java,repos/40266095/de.tudarmstadt.ukp.dkpro.keyphrases.core-asl/src/test/java/de/tudarmstadt/ukp/dkpro/keyphrases/core/ranking/TfBackgroundIdfRankingTest.java,de.tudarmstadt.ukp.dkpro.keyphrases.core-asl
4159017,StringExpression,StringExpressionTest,repos/4159017/sslr-core/src/main/java/org/sonar/sslr/internal/vm/StringExpression.java,repos/4159017/sslr-core/src/test/java/org/sonar/sslr/internal/vm/StringExpressionTest.java,sslr-core
42949039,TagHelper,TagHelperTest,repos/42949039/herd-code/herd-service/src/main/java/org/finra/herd/service/helper/TagHelper.java,repos/42949039/herd-code/herd-service/src/test/java/org/finra/herd/service/helper/TagHelperTest.java,herd-code/herd-service
15997656,OgcMessageDistributor,OgcMessageDistributorTest,repos/15997656/src/shogun-core-main/src/main/java/de/terrestris/shoguncore/util/interceptor/OgcMessageDistributor.java,repos/15997656/src/shogun-core-main/src/test/java/de/terrestris/shoguncore/util/interceptor/OgcMessageDistributorTest.java,
42949039,SecurityFunctionRestController,SecurityFunctionRestControllerTest,repos/42949039/herd-code/herd-rest/src/main/java/org/finra/herd/rest/SecurityFunctionRestController.java,repos/42949039/herd-code/herd-rest/src/test/java/org/finra/herd/rest/SecurityFunctionRestControllerTest.java,herd-code/herd-rest
4159017,AlwaysSkipFromAst,AlwaysSkipFromAstTest,repos/4159017/sslr-core/src/main/java/com/sonar/sslr/impl/ast/AlwaysSkipFromAst.java,repos/4159017/sslr-core/src/test/java/com/sonar/sslr/impl/ast/AlwaysSkipFromAstTest.java,sslr-core
42949039,StorageUnitNotificationRegistrationRestController,StorageUnitNotificationRegistrationRestControllerTest,repos/42949039/herd-code/herd-rest/src/main/java/org/finra/herd/rest/StorageUnitNotificationRegistrationRestController.java,repos/42949039/herd-code/herd-rest/src/test/java/org/finra/herd/rest/StorageUnitNotificationRegistrationRestControllerTest.java,herd-code/herd-rest
42949039,BusinessObjectDataAttributeRestController,BusinessObjectDataAttributeRestControllerTest,repos/42949039/herd-code/herd-rest/src/main/java/org/finra/herd/rest/BusinessObjectDataAttributeRestController.java,repos/42949039/herd-code/herd-rest/src/test/java/org/finra/herd/rest/BusinessObjectDataAttributeRestControllerTest.java,herd-code/herd-rest
147378679,MathUtil,MathUtilTest,repos/147378679/momentsolver/src/main/java/com/github/stanfordfuturedata/momentsketch/MathUtil.java,repos/147378679/momentsolver/src/test/java/com/github/stanfordfuturedata/momentsketch/MathUtilTest.java,momentsolver
42949039,FileTypeRestController,FileTypeRestControllerTest,repos/42949039/herd-code/herd-rest/src/main/java/org/finra/herd/rest/FileTypeRestController.java,repos/42949039/herd-code/herd-rest/src/test/java/org/finra/herd/rest/FileTypeRestControllerTest.java,herd-code/herd-rest
16563359,ArchaiusTypeConfigurationResolver,ArchaiusTypeConfigurationResolverTest,repos/16563359/fabricator-archaius/src/main/java/com/netflix/fabricator/archaius/ArchaiusTypeConfigurationResolver.java,repos/16563359/fabricator-archaius/src/test/java/com/netflix/fabricator/archaius/ArchaiusTypeConfigurationResolverTest.java,fabricator-archaius
40266095,DfModelBuilder,DfModelBuilderTest,repos/40266095/de.tudarmstadt.ukp.dkpro.keyphrases.wrappers-gpl/src/main/java/de/tudarmstadt/ukp/dkpro/keyphrases/bookindexing/wrapper/DfModelBuilder.java,repos/40266095/de.tudarmstadt.ukp.dkpro.keyphrases.wrappers-gpl/src/test/java/de/tudarmstadt/ukp/dkpro/keyphrases/bookindexing/wrapper/DfModelBuilderTest.java,de.tudarmstadt.ukp.dkpro.keyphrases.wrappers-gpl
42949039,ConfigurationEntryRestController,ConfigurationEntryRestControllerTest,repos/42949039/herd-code/herd-rest/src/main/java/org/finra/herd/rest/ConfigurationEntryRestController.java,repos/42949039/herd-code/herd-rest/src/test/java/org/finra/herd/rest/ConfigurationEntryRestControllerTest.java,herd-code/herd-rest
42949039,WarInitializer,WarInitializerTest,repos/42949039/herd-code/herd-app/src/main/java/org/finra/herd/app/WarInitializer.java,repos/42949039/herd-code/herd-app/src/test/java/org/finra/herd/app/WarInitializerTest.java,herd-code/herd-app
35897457,RdfXmlMessageBodyWriter,RdfXmlMessageBodyWriterTest,repos/35897457/nxparser-jax-rs/src/main/java/org/semanticweb/yars/jaxrs/RdfXmlMessageBodyWriter.java,repos/35897457/nxparser-jax-rs/src/test/java/org/semanticweb/yars/jaxrs/RdfXmlMessageBodyWriterTest.java,nxparser-jax-rs
4159017,CssLoader,CssLoaderTest,repos/4159017/sslr-toolkit/src/main/java/org/sonar/sslr/internal/toolkit/CssLoader.java,repos/4159017/sslr-toolkit/src/test/java/org/sonar/sslr/internal/toolkit/CssLoaderTest.java,sslr-toolkit
40266095,KeyphraseWriter,KeyphraseWriterTest,repos/40266095/de.tudarmstadt.ukp.dkpro.keyphrases.core-asl/src/main/java/de/tudarmstadt/ukp/dkpro/keyphrases/core/evaluator/KeyphraseWriter.java,repos/40266095/de.tudarmstadt.ukp.dkpro.keyphrases.core-asl/src/test/java/de/tudarmstadt/ukp/dkpro/keyphrases/core/evaluator/KeyphraseWriterTest.java,de.tudarmstadt.ukp.dkpro.keyphrases.core-asl
42949039,SwaggerGenMojo,SwaggerGenMojoTest,repos/42949039/herd-build/herd-swaggergen-maven-plugin/src/main/java/org/finra/herd/swaggergen/SwaggerGenMojo.java,repos/42949039/herd-build/herd-swaggergen-maven-plugin/src/test/java/org/finra/herd/swaggergen/SwaggerGenMojoTest.java,herd-build/herd-swaggergen-maven-plugin
42949039,BusinessObjectDefinitionColumnRestController,BusinessObjectDefinitionColumnRestControllerTest,repos/42949039/herd-code/herd-rest/src/main/java/org/finra/herd/rest/BusinessObjectDefinitionColumnRestController.java,repos/42949039/herd-code/herd-rest/src/test/java/org/finra/herd/rest/BusinessObjectDefinitionColumnRestControllerTest.java,herd-code/herd-rest
42949039,StorageUnitStatusDaoHelper,StorageUnitStatusDaoHelperTest,repos/42949039/herd-code/herd-service/src/main/java/org/finra/herd/service/helper/StorageUnitStatusDaoHelper.java,repos/42949039/herd-code/herd-service/src/test/java/org/finra/herd/service/helper/StorageUnitStatusDaoHelperTest.java,herd-code/herd-service
42949039,BusinessObjectDefinitionRestController,BusinessObjectDefinitionRestControllerTest,repos/42949039/herd-code/herd-rest/src/main/java/org/finra/herd/rest/BusinessObjectDefinitionRestController.java,repos/42949039/herd-code/herd-rest/src/test/java/org/finra/herd/rest/BusinessObjectDefinitionRestControllerTest.java,herd-code/herd-rest
42510870,S3FactoryCreator,S3FactoryCreatorTest,repos/42510870/spring-cloud-s3-connectors-core/src/main/java/com/orange/spring/cloud/connector/s3/core/creator/S3FactoryCreator.java,repos/42510870/spring-cloud-s3-connectors-core/src/test/java/com/orange/spring/cloud/connector/s3/core/creator/S3FactoryCreatorTest.java,spring-cloud-s3-connectors-core
105200994,FileUtils,FileUtilsTest,repos/105200994/BukkitUtil-core/src/main/java/no/kh498/util/FileUtils.java,repos/105200994/BukkitUtil-core/src/test/java/no/kh498/util/FileUtilsTest.java,BukkitUtil-core
4159017,LexerfulParseErrorFormatter,LexerfulParseErrorFormatterTest,repos/4159017/sslr-core/src/main/java/org/sonar/sslr/internal/vm/lexerful/LexerfulParseErrorFormatter.java,repos/4159017/sslr-core/src/test/java/org/sonar/sslr/internal/vm/lexerful/LexerfulParseErrorFormatterTest.java,sslr-core
4159017,RuleRefExpression,RuleRefExpressionTest,repos/4159017/sslr-core/src/main/java/org/sonar/sslr/internal/vm/RuleRefExpression.java,repos/4159017/sslr-core/src/test/java/org/sonar/sslr/internal/vm/RuleRefExpressionTest.java,sslr-core
32895424,HelloHttp,HelloHttpTest,repos/32895424/functions/helloworld/hello-http-gradle/src/main/java/functions/HelloHttp.java,repos/32895424/functions/helloworld/hello-http-gradle/src/test/java/functions/HelloHttpTest.java,functions/helloworld/hello-http-gradle
42949039,SearchIndexTypeDaoHelper,SearchIndexTypeDaoHelperTest,repos/42949039/herd-code/herd-service/src/main/java/org/finra/herd/service/helper/SearchIndexTypeDaoHelper.java,repos/42949039/herd-code/herd-service/src/test/java/org/finra/herd/service/helper/SearchIndexTypeDaoHelperTest.java,herd-code/herd-service
42949039,HerdApiClientOperations,HerdApiClientOperationsTest,repos/42949039/herd-code/herd-tools/herd-access-validator/src/main/java/org/finra/herd/tools/access/validator/HerdApiClientOperations.java,repos/42949039/herd-code/herd-tools/herd-access-validator/src/test/java/org/finra/herd/tools/access/validator/HerdApiClientOperationsTest.java,herd-code/herd-tools/herd-access-validator
4159017,PatternExpression,PatternExpressionTest,repos/4159017/sslr-core/src/main/java/org/sonar/sslr/internal/vm/PatternExpression.java,repos/4159017/sslr-core/src/test/java/org/sonar/sslr/internal/vm/PatternExpressionTest.java,sslr-core
40266095,RandomRanking,RandomRankingTest,repos/40266095/de.tudarmstadt.ukp.dkpro.keyphrases.core-asl/src/main/java/de/tudarmstadt/ukp/dkpro/keyphrases/core/ranking/RandomRanking.java,repos/40266095/de.tudarmstadt.ukp.dkpro.keyphrases.core-asl/src/test/java/de/tudarmstadt/ukp/dkpro/keyphrases/core/ranking/RandomRankingTest.java,de.tudarmstadt.ukp.dkpro.keyphrases.core-asl
42949039,EmrClusterDefinitionDaoHelper,EmrClusterDefinitionDaoHelperTest,repos/42949039/herd-code/herd-service/src/main/java/org/finra/herd/service/helper/EmrClusterDefinitionDaoHelper.java,repos/42949039/herd-code/herd-service/src/test/java/org/finra/herd/service/helper/EmrClusterDefinitionDaoHelperTest.java,herd-code/herd-service
42949039,HerdThreadHelper,HerdThreadHelperTest,repos/42949039/herd-code/herd-core/src/main/java/org/finra/herd/core/helper/HerdThreadHelper.java,repos/42949039/herd-code/herd-core/src/test/java/org/finra/herd/core/helper/HerdThreadHelperTest.java,herd-code/herd-core
42949039,EmrClusterDefinitionRestController,EmrClusterDefinitionRestControllerTest,repos/42949039/herd-code/herd-rest/src/main/java/org/finra/herd/rest/EmrClusterDefinitionRestController.java,repos/42949039/herd-code/herd-rest/src/test/java/org/finra/herd/rest/EmrClusterDefinitionRestControllerTest.java,herd-code/herd-rest
35897457,XsdBoolean,XsdBooleanTest,repos/35897457/nxparser-model-datatypes/src/main/java/org/semanticweb/yars/nx/dt/bool/XsdBoolean.java,repos/35897457/nxparser-model-datatypes/src/test/java/org/semanticweb/yars/nx/dt/bool/XsdBooleanTest.java,nxparser-model-datatypes
40266095,MeanAveragePrecisionKeyphraseCounter,MeanAveragePrecisionKeyphraseCounterTest,repos/40266095/de.tudarmstadt.ukp.dkpro.keyphrases.core-asl/src/main/java/de/tudarmstadt/ukp/dkpro/keyphrases/core/evaluator/util/MeanAveragePrecisionKeyphraseCounter.java,repos/40266095/de.tudarmstadt.ukp.dkpro.keyphrases.core-asl/src/test/java/de/tudarmstadt/ukp/dkpro/keyphrases/core/evaluator/util/MeanAveragePrecisionKeyphraseCounterTest.java,de.tudarmstadt.ukp.dkpro.keyphrases.core-asl
28992330,ApacheHttpTransport,ApacheHttpTransportTest,repos/28992330/google-http-client-apache-v2/src/main/java/com/google/api/client/http/apache/v2/ApacheHttpTransport.java,repos/28992330/google-http-client-apache-v2/src/test/java/com/google/api/client/http/apache/v2/ApacheHttpTransportTest.java,google-http-client-apache-v2
32488797,ResourceInjector,ResourceInjectorTest,repos/32488797/vitaminsaber/src/main/java/com/w2ji/vitaminsaber/internal/ResourceInjector.java,repos/32488797/vitaminsaber/src/test/java/com/w2ji/vitaminsaber/internal/ResourceInjectorTest.java,vitaminsaber
175086428,PagedVirtualMemory,PagedVirtualMemoryTest,repos/175086428/hprof-heap/src/main/java/org/gridkit/jvmtool/heapdump/io/PagedVirtualMemory.java,repos/175086428/hprof-heap/src/test/java/org/gridkit/jvmtool/heapdump/io/PagedVirtualMemoryTest.java,hprof-heap
128403104,BlockPos,BlockPosTest,repos/128403104/game-engine/src/main/java/engine/math/BlockPos.java,repos/128403104/game-engine/src/test/java/engine/math/BlockPosTest.java,game-engine
42949039,TagTypeRestController,TagTypeRestControllerTest,repos/42949039/herd-code/herd-rest/src/main/java/org/finra/herd/rest/TagTypeRestController.java,repos/42949039/herd-code/herd-rest/src/test/java/org/finra/herd/rest/TagTypeRestControllerTest.java,herd-code/herd-rest
42949039,SearchIndexDaoHelper,SearchIndexDaoHelperTest,repos/42949039/herd-code/herd-service/src/main/java/org/finra/herd/service/helper/SearchIndexDaoHelper.java,repos/42949039/herd-code/herd-service/src/test/java/org/finra/herd/service/helper/SearchIndexDaoHelperTest.java,herd-code/herd-service
40266095,KeyphraseDatasetStatistics,KeyphraseDatasetStatisticsTest,repos/40266095/de.tudarmstadt.ukp.dkpro.keyphrases.core-asl/src/main/java/de/tudarmstadt/ukp/dkpro/keyphrases/core/evaluator/KeyphraseDatasetStatistics.java,repos/40266095/de.tudarmstadt.ukp.dkpro.keyphrases.core-asl/src/test/java/de/tudarmstadt/ukp/dkpro/keyphrases/core/evaluator/KeyphraseDatasetStatisticsTest.java,de.tudarmstadt.ukp.dkpro.keyphrases.core-asl
42949039,SecurityHelper,SecurityHelperTest,repos/42949039/herd-code/herd-app/src/main/java/org/finra/herd/app/security/SecurityHelper.java,repos/42949039/herd-code/herd-app/src/test/java/org/finra/herd/app/security/SecurityHelperTest.java,herd-code/herd-app
35897457,TurtleParser,TurtleParserTest,repos/35897457/nxparser-parsers/src/main/java/org/semanticweb/yars/turtle/TurtleParser.java,repos/35897457/nxparser-parsers/src/test/java/org/semanticweb/yars/turtle/TurtleParserTest.java,nxparser-parsers
35515269,DirectAccessGrantUserDetailsAuthenticationProvider,DirectAccessGrantUserDetailsAuthenticationProviderTest,repos/35515269/keycloak-spring-security-user-details/src/main/java/org/keycloak/adapters/springsecurity/userdetails/authentication/DirectAccessGrantUserDetailsAuthenticationProvider.java,repos/35515269/keycloak-spring-security-user-details/src/test/java/org/keycloak/adapters/springsecurity/userdetails/authentication/DirectAccessGrantUserDetailsAuthenticationProviderTest.java,keycloak-spring-security-user-details
42949039,SecurityRoleDaoHelper,SecurityRoleDaoHelperTest,repos/42949039/herd-code/herd-service/src/main/java/org/finra/herd/service/helper/SecurityRoleDaoHelper.java,repos/42949039/herd-code/herd-service/src/test/java/org/finra/herd/service/helper/SecurityRoleDaoHelperTest.java,herd-code/herd-service
4159017,TriviaExpression,TriviaExpressionTest,repos/4159017/sslr-core/src/main/java/org/sonar/sslr/internal/vm/TriviaExpression.java,repos/4159017/sslr-core/src/test/java/org/sonar/sslr/internal/vm/TriviaExpressionTest.java,sslr-core
20249391,Whitebox,WhiteBoxTest,repos/20249391/powermock-reflect/src/main/java/org/powermock/reflect/Whitebox.java,repos/20249391/powermock-reflect/src/test/java/org/powermock/reflect/WhiteBoxTest.java,powermock-reflect
42949039,MessageTypeDaoHelper,MessageTypeDaoHelperTest,repos/42949039/herd-code/herd-service/src/main/java/org/finra/herd/service/helper/MessageTypeDaoHelper.java,repos/42949039/herd-code/herd-service/src/test/java/org/finra/herd/service/helper/MessageTypeDaoHelperTest.java,herd-code/herd-service
116163042,Name,NameTest,repos/116163042/careerbuddy/src/main/java/br/com/eldermoraes/careerbuddy/Name.java,repos/116163042/careerbuddy/src/test/java/br/com/eldermoraes/careerbuddy/NameTest.java,careerbuddy
24653868,Topic,TopicTest,repos/24653868/broker/src/main/java/io/moquette/broker/subscriptions/Topic.java,repos/24653868/broker/src/test/java/io/moquette/broker/subscriptions/TopicTest.java,broker
175298978,OrdinalSmellTypeAnalysis,OrdinalSmellTypeAnalysisTest,repos/175298978/SmellTracker/src/main/java/fr/inria/sniffer/tracker/analysis/query/smell/OrdinalSmellTypeAnalysis.java,repos/175298978/SmellTracker/src/test/java/fr/inria/sniffer/tracker/analysis/query/smell/OrdinalSmellTypeAnalysisTest.java,SmellTracker
4159017,NeverSkipFromAst,NeverSkipFromAstTest,repos/4159017/sslr-core/src/main/java/com/sonar/sslr/impl/ast/NeverSkipFromAst.java,repos/4159017/sslr-core/src/test/java/com/sonar/sslr/impl/ast/NeverSkipFromAstTest.java,sslr-core
162657830,Numeric,NumericTest,repos/162657830/utils/src/main/java/org/nervos/ckb/utils/Numeric.java,repos/162657830/utils/src/test/java/org/nervos/ckb/utils/NumericTest.java,utils
120003293,RxSpring4Util,RxSpring4UtilTest,repos/120003293/rxjava-support/src/main/java/tech/picnic/rx/RxSpring4Util.java,repos/120003293/rxjava-support/src/test/java/tech/picnic/rx/RxSpring4UtilTest.java,rxjava-support
35897457,RDFaParser,RDFaParserTest,repos/35897457/nxparser-parsers-external-rdfa-semargl/src/main/java/org/semanticweb/yars/parsers/rdfa/semargl/RDFaParser.java,repos/35897457/nxparser-parsers-external-rdfa-semargl/src/test/java/org/semanticweb/yars/parsers/rdfa/semargl/RDFaParserTest.java,nxparser-parsers-external-rdfa-semargl
40266095,RprecisionKeyphraseCounter,RprecisionKeyphraseCounterTest,repos/40266095/de.tudarmstadt.ukp.dkpro.keyphrases.core-asl/src/main/java/de/tudarmstadt/ukp/dkpro/keyphrases/core/evaluator/util/RprecisionKeyphraseCounter.java,repos/40266095/de.tudarmstadt.ukp.dkpro.keyphrases.core-asl/src/test/java/de/tudarmstadt/ukp/dkpro/keyphrases/core/evaluator/util/RprecisionKeyphraseCounterTest.java,de.tudarmstadt.ukp.dkpro.keyphrases.core-asl
4159017,Machine,MachineTest,repos/4159017/sslr-core/src/main/java/org/sonar/sslr/internal/vm/Machine.java,repos/4159017/sslr-core/src/test/java/org/sonar/sslr/internal/vm/MachineTest.java,sslr-core
